,data,valor_de_venda,petroleo_ultimo,petroleo_var,usd_ultimo,usd_var,producao
0,2014-01-05,2.554779447910758,107.88,1.31,2.3982,2.37,459828.1764818182
1,2014-01-12,2.5610073568248697,107.88,1.31,2.3982,2.37,459828.1764818182
2,2014-01-19,2.5636765548435734,107.88,1.31,2.3982,2.37,459828.1764818182
3,2014-01-26,2.5655913946141116,106.4,-1.37,2.4127,0.6,459828.1764818182
4,2014-02-02,2.5672898387278673,109.57,2.98,2.3802,-1.35,459828.1764818182
5,2014-02-09,2.5676704891529116,109.71,1.845,2.3629,-1.585,459828.1764818182
6,2014-02-16,2.5678481022172113,109.85,0.71,2.3456,-1.82,459828.1764818182
7,2014-02-23,2.5752527530349156,109.07,-0.71,2.3384,-0.31,459828.1764818182
8,2014-03-02,2.5841884459763222,108.35333333333332,-0.98,2.3338,-0.5166666666666667,474635.34631681815
9,2014-03-09,2.59467076681497,107.63666666666667,-1.25,2.3292,-0.7233333333333334,474635.34631681815
10,2014-03-16,2.604559973020572,106.92,-1.52,2.3246,-0.93,474635.34631681815
11,2014-03-23,2.6102573909138536,108.07,1.08,2.2618,-2.7,474635.34631681815
12,2014-03-30,2.614739031061486,106.72,-1.25,2.236,-1.14,474635.34631681815
13,2014-04-06,2.6179698080736276,108.125,0.3999999999999999,2.2366,-0.14500000000000002,474635.34631681815
14,2014-04-13,2.61894162141921,109.53,2.05,2.2372,0.85,474635.34631681815
15,2014-04-20,2.6178539283845406,109.58,0.05,2.2445,0.33,474635.34631681815
16,2014-04-27,2.617318495578523,108.59,-0.9,2.22,-1.09,474635.34631681815
17,2014-05-04,2.6187356364721683,109.24000000000001,-0.36,2.221166666666667,-0.5933333333333333,474635.34631681815
18,2014-05-11,2.6717599091659783,109.89,0.18000000000000005,2.2223333333333333,-0.09666666666666657,474635.34631681815
19,2014-05-18,2.6613554470289045,110.54,0.72,2.2235,0.4,474635.34631681815
20,2014-05-25,2.6509509848918302,109.41,-1.02,2.2408,0.78,474635.34631681815
21,2014-06-01,2.6405465227547564,111.21,-0.27,2.237033333333333,0.6,486826.50322681817
22,2014-06-08,2.6301420606176826,113.01,0.48,2.2332666666666667,0.42,486826.50322681817
23,2014-06-15,2.619737598480609,114.81,1.23,2.2295,0.24,486826.50322681817
24,2014-06-22,2.609333136343535,113.3,-1.32,2.194,-1.59,486826.50322681817
25,2014-06-29,2.598928674206461,110.64,-2.35,2.2132,0.88,486826.50322681817
26,2014-07-06,2.588524212069387,108.94,-0.905,2.21935,0.5449999999999999,507934.13079454546
27,2014-07-13,2.5882886295208714,107.24,0.54,2.2255,0.21,507934.13079454546
28,2014-07-20,2.5846326379092734,108.39,1.07,2.229,0.16,507934.13079454546
29,2014-07-27,2.585293141142031,104.84,-3.28,2.2574,1.27,507934.13079454546
30,2014-08-03,2.5841151231472193,103.99000000000001,-2.5866666666666664,2.2642,1.1133333333333333,507934.13079454546
31,2014-08-10,2.5840621588503954,103.14,-1.893333333333333,2.271,0.9566666666666668,507934.13079454546
32,2014-08-17,2.582932156237249,102.29,-1.2,2.2778,0.8,507934.13079454546
33,2014-08-24,2.582382229952263,103.19,0.88,2.236,-1.84,507934.13079454546
34,2014-08-31,2.5840383860091145,100.82,-2.3,2.2405,0.2,507934.13079454546
35,2014-09-07,2.5859977444999074,99.60499999999999,-0.48999999999999977,2.30435,0.72,507934.13079454546
36,2014-09-14,2.58582037037037,98.39,1.32,2.3682,1.24,507934.13079454546
37,2014-09-21,2.586910385910386,97.0,-1.41,2.42,2.19,507934.13079454546
38,2014-09-28,2.586159903560831,92.31,-4.84,2.4588,1.6,507934.13079454546
39,2014-10-05,2.584269256406458,90.25,-3.2366666666666664,2.4638333333333335,1.59,507934.13079454546
40,2014-10-12,2.5822088770920892,88.19,-1.6333333333333333,2.4688666666666665,1.58,507934.13079454546
41,2014-10-19,2.5836197962798937,86.13,-0.03,2.4739,1.57,507934.13079454546
42,2014-10-26,2.584065212569316,85.86,-0.31,2.4783,0.18,507934.13079454546
43,2014-11-02,2.5842810223027706,84.02666666666667,0.1933333333333333,2.4906333333333333,-0.9866666666666668,511170.06512227276
44,2014-11-09,2.5861807224461124,82.19333333333333,0.6966666666666665,2.5029666666666666,-2.1533333333333333,511170.06512227276
45,2014-11-16,2.6228254015137527,80.36,1.2,2.5153,-3.32,511170.06512227276
46,2014-11-23,2.644032108231651,70.15,-12.71,2.5659,2.01,511170.06512227276
47,2014-11-30,2.6491926111643687,69.07,-1.54,2.5895,0.92,511170.06512227276
48,2014-12-07,2.6510403783863365,65.225,-1.15,2.62465,0.56,511170.06512227276
49,2014-12-14,2.653884524773614,61.38,-0.76,2.6598,0.2,511170.06512227276
50,2014-12-21,2.654325024925224,59.45,-3.14,2.6685,0.33,511170.06512227276
51,2014-12-28,2.6557881671646197,56.42,-5.1,2.6941,0.96,511170.06512227276
52,2015-01-04,2.6543599557522124,51.92,-4.71,3.2327000000000004,-0.625,553227.5441595454
53,2015-01-11,2.655051599131427,47.42,-4.32,3.7713,-2.21,553227.5441595454
54,2015-01-18,2.6572516497695853,48.79,-2.75,2.5797,-1.58,553227.5441595454
55,2015-01-25,2.660171213407656,52.99,8.61,2.6824,3.98,553227.5441595454
56,2015-02-01,2.6651191772757374,50.8,0.8549999999999995,3.09475,3.245,553227.5441595454
57,2015-02-08,2.8039205969929784,48.61,-6.9,3.5071,2.51,553227.5441595454
58,2015-02-15,2.854138037713612,60.22,-2.11,2.868,1.18,553227.5441595454
59,2015-02-22,2.861807063319981,62.58,3.92,2.839,-1.01,553227.5441595454
60,2015-03-01,2.8683734804981724,60.16,3.01,2.9691,-0.8766666666666667,540614.4741131818
61,2015-03-08,2.8692952264563196,57.74,2.0999999999999996,3.0991999999999997,-0.7433333333333334,540614.4741131818
62,2015-03-15,2.8710491082967176,55.32,1.19,3.2293,-0.61,540614.4741131818
63,2015-03-22,2.8700248747051886,56.41,1.97,3.2496,0.63,540614.4741131818
64,2015-03-29,2.86448413457999,54.95,-2.59,3.121,-3.96,540614.4741131818
65,2015-04-05,2.8631983388704323,58.39333333333334,-0.7666666666666666,3.064566666666667,-3.6166666666666667,540614.4741131818
66,2015-04-12,2.8590427868791837,61.836666666666666,1.0566666666666666,3.0081333333333333,-3.2733333333333334,540614.4741131818
67,2015-04-19,2.8568707606008044,65.28,2.88,2.9517,-2.93,540614.4741131818
68,2015-04-26,2.8556206197722833,66.46,1.81,3.0146,2.13,540614.4741131818
69,2015-05-03,2.8507012255713815,66.09666666666666,0.4866666666666666,3.0413666666666668,2.5066666666666664,540614.4741131818
70,2015-05-10,2.846848547411886,65.73333333333333,-0.8366666666666669,3.0681333333333334,2.8833333333333333,540614.4741131818
71,2015-05-17,2.8482320091475786,65.37,-2.16,3.0949,3.26,540614.4741131818
72,2015-05-24,2.848776579637357,65.56,0.29,3.1798,2.74,540614.4741131818
73,2015-05-31,2.845029861162124,63.31,-3.43,3.1439,-1.13,540614.4741131818
74,2015-06-07,2.8441062191437623,63.165000000000006,-2.38,3.12075,-0.8999999999999999,519448.6816
75,2015-06-14,2.842073319830602,63.02,-1.33,3.0976,-0.67,519448.6816
76,2015-06-21,2.8446256917287687,63.26,0.38,3.1295,1.03,519448.6816
77,2015-06-28,2.841040204893868,60.32,-4.65,3.1347,0.17,519448.6816
78,2015-07-05,2.839157331167153,58.42,-4.546666666666667,3.2083333333333335,1.8633333333333333,552443.6051540909
79,2015-07-12,2.8365940718319735,56.519999999999996,-4.443333333333333,3.2819666666666665,3.5566666666666666,552443.6051540909
80,2015-07-19,2.8368161957042335,54.62,-4.34,3.3556,5.25,552443.6051540909
81,2015-07-26,2.8321283947891365,52.21,-4.41,3.4212,1.95,552443.6051540909
82,2015-08-02,2.835266285292489,61.52,6.44,2.8346,1.87,552443.6051540909
83,2015-08-09,2.833194052345243,53.49,-0.41999999999999993,3.16765,1.165,552443.6051540909
84,2015-08-16,2.832596750477871,45.46,-7.28,3.5007,0.46,552443.6051540909
85,2015-08-23,2.8261398201502335,50.05,10.1,3.5823,2.33,552443.6051540909
86,2015-08-30,2.819682889822596,49.61,-0.88,3.8442,7.31,552443.6051540909
87,2015-09-06,2.816779179810726,48.54,-1.135,3.89505,4.63,552443.6051540909
88,2015-09-13,2.815273348783314,47.47,-1.39,3.9459,1.95,552443.6051540909
89,2015-09-20,2.8141494653649466,48.6,2.38,3.9777,0.81,552443.6051540909
90,2015-09-27,2.835159088742732,48.13,-0.97,3.9331,-1.12,552443.6051540909
91,2015-10-04,2.8407185962920924,48.083333333333336,-2.2766666666666664,3.9156333333333335,-1.12,552443.6051540909
92,2015-10-11,2.982625165562914,48.03666666666667,-3.583333333333333,3.8981666666666666,-1.12,552443.6051540909
93,2015-10-18,3.0052549804594415,47.99,-4.89,3.8807,-1.12,552443.6051540909
94,2015-10-25,3.01309494689411,49.56,3.27,3.8564,-0.63,552443.6051540909
95,2015-11-01,3.0248144760070614,50.17,0.12,2.621,-0.35,515882.7855763636
96,2015-11-08,3.047014952970496,47.415,1.2650000000000001,3.1631,-2.0,515882.7855763636
97,2015-11-15,3.101185182199291,44.66,2.41,3.7052,-3.65,515882.7855763636
98,2015-11-22,3.127935163142417,44.86,0.45,3.8464,3.81,515882.7855763636
99,2015-11-29,3.1418694376528116,43.0,-4.15,3.7521,-2.45,515882.7855763636
100,2015-12-06,3.152923323574516,39.94,-3.46,3.8672500000000003,0.1849999999999996,515882.7855763636
101,2015-12-13,3.1568423860329777,36.88,-2.77,3.9824,2.82,515882.7855763636
102,2015-12-20,3.1594234678351896,37.89,2.74,3.9463,-0.91,515882.7855763636
103,2015-12-27,3.165070619801449,37.28,-1.61,3.9608,0.37,515882.7855763636
104,2016-01-03,3.1634388951340933,35.58,2.6599999999999993,4.005366666666666,0.6299999999999999,527144.038665
105,2016-01-10,3.1780824582083156,33.88,6.929999999999999,4.049933333333334,0.8899999999999999,527144.038665
106,2016-01-17,3.1917792513368983,32.18,11.2,4.0945,1.15,527144.038665
107,2016-01-24,3.2096471784987686,34.74,7.96,3.9988,-2.34,527144.038665
108,2016-01-31,3.2222988308484393,34.06,-1.96,3.9035,-2.38,527144.038665
109,2016-02-07,3.2330660104846474,33.535,-1.505,3.96245,-0.9550000000000001,527144.038665
110,2016-02-14,3.235624218791731,33.01,-1.05,4.0214,0.47,527144.038665
111,2016-02-21,3.244391520530368,35.1,6.33,3.9933,-0.7,527144.038665
112,2016-02-28,3.252295749799519,38.72,10.31,3.7593,-5.86,527144.038665
113,2016-03-06,3.2567988251001334,39.96,6.16,3.69165,-2.345,507249.01896454545
114,2016-03-13,3.2645660266037333,41.2,2.01,3.624,1.17,507249.01896454545
115,2016-03-20,3.271660442154969,40.44,-1.84,3.6835,1.64,507249.01896454545
116,2016-03-27,3.2717648381054323,38.67,-4.38,3.5538,-3.52,507249.01896454545
117,2016-04-03,3.278156288417339,40.81666666666667,-1.3666666666666667,3.5574,-2.05,507249.01896454545
118,2016-04-10,3.2735727574040414,42.96333333333333,1.6466666666666665,3.561,-0.5800000000000001,507249.01896454545
119,2016-04-17,3.260632670469691,45.11,4.66,3.5646,0.89,507249.01896454545
120,2016-04-24,3.2475658042744655,48.13,6.69,3.4358,-3.61,507249.01896454545
121,2016-05-01,3.2203935706695006,48.32666666666667,5.08,3.4639333333333333,-2.5366666666666666,507249.01896454545
122,2016-05-08,3.200484251968504,48.52333333333333,3.47,3.4920666666666667,-1.4633333333333334,507249.01896454545
123,2016-05-15,3.1840141927222283,48.72,1.86,3.5202,-0.39,507249.01896454545
124,2016-05-22,3.1709738722405887,49.32,1.23,3.6116,2.6,507249.01896454545
125,2016-05-29,3.1609144827586206,49.64,0.65,3.524,-2.43,507249.01896454545
126,2016-06-05,3.158878918516153,49.23,-0.08333333333333337,3.4739666666666666,-2.033333333333333,554675.7910127273
127,2016-06-12,3.16064089337942,48.82,-0.8166666666666668,3.4239333333333333,-1.6366666666666667,554675.7910127273
128,2016-06-19,3.1578667483616605,48.41,-1.55,3.3739,-1.24,554675.7910127273
129,2016-06-26,3.1584187669846004,50.35,4.01,3.2361,-4.08,554675.7910127273
130,2016-07-03,3.1551984863021003,48.79666666666667,1.33,3.2429,-2.9800000000000004,578775.4122672727
131,2016-07-10,3.1531667731969746,47.24333333333333,-1.3499999999999996,3.2497,-1.8800000000000003,578775.4122672727
132,2016-07-17,3.1508220483338656,45.69,-4.03,3.2565,-0.78,578775.4122672727
133,2016-07-24,3.1494243571962017,42.46,-7.07,3.2486,-0.24,578775.4122672727
134,2016-07-31,3.14922276621787,44.27,4.26,3.166,-2.54,578775.4122672727
135,2016-08-07,3.1552506781554173,47.575,6.29,3.1849,-1.095,578775.4122672727
136,2016-08-14,3.1585223332978836,50.88,8.32,3.2038,0.35,578775.4122672727
137,2016-08-21,3.159142272968667,49.92,-1.89,3.2655,1.93,578775.4122672727
138,2016-08-28,3.157487306666667,46.83,-6.19,3.2568,-0.27,578775.4122672727
139,2016-09-04,3.1556398069067955,46.516666666666666,-4.040000000000001,3.252866666666667,-0.3566666666666667,578775.4122672727
140,2016-09-11,3.1574332112720906,46.20333333333333,-1.8900000000000006,3.2489333333333335,-0.44333333333333336,578775.4122672727
141,2016-09-18,3.1573108827600893,45.89,0.26,3.245,-0.53,578775.4122672727
142,2016-09-25,3.1557264512013607,49.06,6.91,3.2603,0.47,578775.4122672727
143,2016-10-02,3.1683042160667765,49.96666666666667,4.496666666666666,3.2239,-0.2466666666666667,578775.4122672727
144,2016-10-09,3.1765659585767394,50.873333333333335,2.083333333333333,3.1875,-0.9633333333333334,578775.4122672727
145,2016-10-16,3.187606547808554,51.78,-0.33,3.1511,-1.68,578775.4122672727
146,2016-10-23,3.202828781623796,49.71,-4.0,3.2065,1.76,578775.4122672727
147,2016-10-30,3.2201755534269902,45.58,-8.31,3.2337,0.85,578775.4122672727
148,2016-11-06,3.2292065015644056,46.22,-1.795,3.3086,0.30500000000000005,565530.5279440909
149,2016-11-13,3.2377695854977206,46.86,4.72,3.3835,-0.24,565530.5279440909
150,2016-11-20,3.235322189742227,47.24,0.81,3.4223,1.15,565530.5279440909
151,2016-11-27,3.2280595282466322,54.46,15.28,3.4755,1.55,565530.5279440909
152,2016-12-04,3.22018680794702,54.693333333333335,10.156666666666666,3.4073333333333333,-0.15666666666666673,565530.5279440909
153,2016-12-11,3.235511356365963,54.92666666666666,5.033333333333333,3.3391666666666664,-1.8633333333333335,565530.5279440909
154,2016-12-18,3.2707949962658702,55.16,-0.09,3.271,-3.57,565530.5279440909
155,2016-12-25,3.286161674408671,56.82,3.01,3.2547,-0.5,565530.5279440909
156,2017-01-01,3.2852500532141335,57.1,0.49,3.2241,-0.94,601863.7998540909
157,2017-01-08,3.293352953698776,56.295,0.28,3.1965500000000002,-1.28,601863.7998540909
158,2017-01-15,3.323585720393331,55.49,0.07,3.169,-1.62,601863.7998540909
159,2017-01-22,3.3423235152616666,55.52,0.05,3.141,-0.88,601863.7998540909
160,2017-01-29,3.3395299978687127,56.81,2.32,3.1177,-0.74,601863.7998540909
161,2017-02-05,3.3387242259814878,56.53666666666667,1.6533333333333333,3.115466666666667,-0.4266666666666667,601863.7998540909
162,2017-02-12,3.3311507610146864,56.263333333333335,0.9866666666666666,3.1132333333333335,-0.1133333333333334,601863.7998540909
163,2017-02-19,3.3225203373545424,55.99,0.32,3.111,0.2,601863.7998540909
164,2017-02-26,3.314302996493465,55.9,-0.16,3.1158,0.15,601863.7998540909
165,2017-03-05,3.3040840828055984,59.65,-0.33999999999999997,3.2038,0.595,571262.8876986364
166,2017-03-12,3.278046137509955,63.4,-0.52,3.2918,1.04,571262.8876986364
167,2017-03-19,3.253498273205462,50.8,-1.85,3.1086,0.54,571262.8876986364
168,2017-03-26,3.2362275487376158,52.83,4.0,3.1233,0.47,571262.8876986364
169,2017-04-02,3.2272255226109214,52.54,0.3233333333333328,3.1316,0.35,571262.8876986364
170,2017-04-09,3.211008541989216,52.25,-3.3533333333333344,3.1399,0.22999999999999998,571262.8876986364
171,2017-04-16,3.203939748105454,51.96,-7.03,3.1482,0.11,571262.8876986364
172,2017-04-23,3.1940756486068937,51.73,-0.44,3.1767,0.91,571262.8876986364
173,2017-04-30,3.1936026242799236,49.1,-5.08,3.1774,0.02,571262.8876986364
174,2017-05-07,3.193858212147134,51.355000000000004,0.1850000000000005,3.2152000000000003,2.1100000000000003,571262.8876986364
175,2017-05-14,3.194806274048739,53.61,5.45,3.253,4.2,571262.8876986364
176,2017-05-21,3.1880006407518158,52.15,-2.72,3.2601,0.22,571262.8876986364
177,2017-05-28,3.1766268090787717,49.95,-4.22,3.2483,-0.36,571262.8876986364
178,2017-06-04,3.1626975479744135,48.480000000000004,-4.1,3.2798666666666665,0.2633333333333334,579892.3927122726
179,2017-06-11,3.149820519674936,47.01,-3.98,3.3114333333333335,0.8866666666666668,579892.3927122726
180,2017-06-18,3.1371390043705363,45.54,-3.86,3.343,1.51,579892.3927122726
181,2017-06-25,3.1195867078167403,47.92,5.23,3.3072,-1.07,579892.3927122726
182,2017-07-02,3.1015495360989656,47.96666666666667,2.9066666666666667,3.252,-1.11,587593.7006831819
183,2017-07-09,3.0785701224402504,48.013333333333335,0.583333333333333,3.1968,-1.15,587593.7006831819
184,2017-07-16,3.0708809218950064,48.06,-1.74,3.1416,-1.19,587593.7006831819
185,2017-07-23,3.050676895981214,52.52,9.28,3.1316,-0.32,587593.7006831819
186,2017-07-30,3.2297911835426127,52.42,-0.19,3.1305,-0.04,587593.7006831819
187,2017-08-06,3.2729451171874997,52.57,0.49999999999999994,3.13835,-0.76,587593.7006831819
188,2017-08-13,3.2566634494739892,52.72,1.19,3.1462,-1.48,587593.7006831819
189,2017-08-20,3.27453043902439,52.41,-0.59,3.1595,0.42,587593.7006831819
190,2017-08-27,3.260239651837524,52.75,0.65,3.1409,-0.59,587593.7006831819
191,2017-09-03,3.276537699774488,54.12,1.1766666666666667,3.1353666666666666,-0.21666666666666662,587593.7006831819
192,2017-09-10,3.3032832336484663,55.49,1.7033333333333336,3.129833333333333,0.15666666666666673,587593.7006831819
193,2017-09-17,3.329219746785749,56.86,2.23,3.1243,0.53,587593.7006831819
194,2017-09-24,3.327921123769068,57.54,1.2,3.1614,1.19,587593.7006831819
195,2017-10-01,3.354311420722135,57.61,1.1366666666666667,3.1717,1.2966666666666666,587593.7006831819
196,2017-10-08,3.3488248259860787,57.68,1.0733333333333333,3.182,1.4033333333333333,587593.7006831819
197,2017-10-15,3.362994709513079,57.75,1.01,3.1923,1.51,587593.7006831819
198,2017-10-22,3.355348073766535,60.44,4.66,3.236,1.37,587593.7006831819
199,2017-10-29,3.367022618231666,62.07,2.7,3.3142,2.42,587593.7006831819
200,2017-11-05,3.3671136803405575,62.666666666666664,2.4066666666666667,3.2871,1.3633333333333333,562520.9684131817
201,2017-11-12,3.404185025901671,63.263333333333335,2.1133333333333333,3.26,0.30666666666666664,562520.9684131817
202,2017-11-19,3.4234933320448397,63.86,1.82,3.2329,-0.75,562520.9684131817
203,2017-11-26,3.4770526005888125,63.73,-0.2,3.258,0.78,562520.9684131817
204,2017-12-03,3.4868804506166846,51.76,0.76,3.0918,-1.52,562520.9684131817
205,2017-12-10,3.492199608418992,58.504999999999995,1.9749999999999999,3.21435,-0.1200000000000001,562520.9684131817
206,2017-12-17,3.494618495419996,65.25,3.19,3.3369,1.28,562520.9684131817
207,2017-12-24,3.519357779300891,66.87,2.48,3.3121,-0.74,562520.9684131817
208,2017-12-31,3.524499709864603,67.62,1.12,3.2288,-2.52,562520.9684131817
209,2018-01-07,3.554068818888827,77.11,-2.93,3.8624,-0.36,585875.4563145454
210,2018-01-14,3.573084877276326,68.61,-1.8,3.1961,-0.32,585875.4563145454
211,2018-01-21,3.591551078831575,70.52,2.78,3.1509,-1.41,585875.4563145454
212,2018-01-28,3.5951958304672207,68.58,-2.75,3.218,2.13,585875.4563145454
213,2018-02-04,3.611383397540768,68.15666666666667,-0.563333333333333,3.224466666666667,1.4866666666666666,585875.4563145454
214,2018-02-11,3.6111297403078226,67.73333333333333,1.623333333333334,3.230933333333333,0.8433333333333333,585875.4563145454
215,2018-02-18,3.6142024295793327,67.31,3.81,3.2374,0.2,585875.4563145454
216,2018-02-25,3.6129295000528483,64.37,-4.37,3.2523,0.46,585875.4563145454
217,2018-03-04,3.605534800274392,66.39666666666668,-0.7800000000000002,3.2721666666666667,0.6233333333333333,572905.6339186364
218,2018-03-11,3.6062560358460725,68.42333333333333,2.8099999999999996,3.2920333333333334,0.7866666666666666,572905.6339186364
219,2018-03-18,3.618148295424421,70.45,6.4,3.3119,0.95,572905.6339186364
220,2018-03-25,3.6171817075751163,70.27,-0.26,3.3046,-0.22,572905.6339186364
221,2018-04-01,3.626850782571912,71.53333333333333,0.5066666666666666,3.3405333333333336,-0.24000000000000002,572905.6339186364
222,2018-04-08,3.6348776769701443,72.79666666666667,1.2733333333333332,3.3764666666666665,-0.26,572905.6339186364
223,2018-04-15,3.6401320534577852,74.06,2.04,3.4124,-0.28,572905.6339186364
224,2018-04-22,3.6424810992945145,74.64,0.78,3.4559,1.27,572905.6339186364
225,2018-04-29,3.645357951224696,74.87,0.31,3.5291,2.12,572905.6339186364
226,2018-05-06,3.6524815343915344,76.69,1.055,3.63255,2.96,572905.6339186364
227,2018-05-13,3.673109477817873,78.51,1.8,3.736,3.8,572905.6339186364
228,2018-05-20,3.6952599756883884,76.44,-2.64,3.6514,-2.26,572905.6339186364
229,2018-05-27,3.816261575954509,76.79,0.46,3.763,3.06,572905.6339186364
230,2018-06-03,3.938829311359623,76.37666666666667,1.2633333333333334,3.7704,2.54,561480.699305
231,2018-06-10,3.7903146395606964,75.96333333333334,2.066666666666667,3.7778,2.02,561480.699305
232,2018-06-17,3.755641902014093,75.55,2.87,3.7852,1.5,561480.699305
233,2018-06-24,3.715065060240964,79.44,5.15,3.8765,2.41,561480.699305
234,2018-07-01,3.6971651023890786,69.87,3.33,3.2063,-0.7,576899.9489077273
235,2018-07-08,3.679919968135953,71.47,0.16500000000000004,3.4867,-1.4449999999999998,576899.9489077273
236,2018-07-15,3.675197062552832,73.07,-3.0,3.7671,-2.19,576899.9489077273
237,2018-07-22,3.669253562005277,74.29,1.67,3.7099,-1.52,576899.9489077273
238,2018-07-29,3.659110059918007,73.21,-1.45,3.707,-0.08,576899.9489077273
239,2018-08-05,3.646687920351639,74.08,0.8833333333333335,3.8384,1.57,576899.9489077273
240,2018-08-12,3.6400073956682513,74.94999999999999,3.216666666666667,3.9698,3.22,576899.9489077273
241,2018-08-19,3.6194725152985865,75.82,5.55,4.1012,4.87,576899.9489077273
242,2018-08-26,3.6134165349351877,77.42,2.11,4.0545,-1.14,576899.9489077273
243,2018-09-02,3.6169504280731424,77.755,1.875,4.1142,0.8400000000000001,576899.9489077273
244,2018-09-09,3.688408657141351,78.09,1.64,4.1739,2.82,576899.9489077273
245,2018-09-16,3.809991759395339,78.8,0.91,4.0511,-2.94,576899.9489077273
246,2018-09-23,3.824312306155706,82.72,4.97,4.0477,-0.08,576899.9489077273
247,2018-09-30,3.8530071729957807,84.16,1.74,3.8406,-5.12,576899.9489077273
248,2018-10-07,3.8604515533519703,81.97,0.4650000000000001,3.7773,-3.465,576899.9489077273
249,2018-10-14,3.8938831997468886,79.78,-0.81,3.714,-1.81,576899.9489077273
250,2018-10-21,3.9007814887004164,77.62,-2.71,3.6426,-1.92,576899.9489077273
251,2018-10-28,3.917778200655461,72.83,-6.17,3.6965,1.48,576899.9489077273
252,2018-11-04,3.909792715756136,69.795,-5.52,3.71995,0.875,556612.7083386364
253,2018-11-11,3.8789719242902208,66.76,-4.87,3.7434,0.27,556612.7083386364
254,2018-11-18,3.8577797506809133,58.8,-11.92,3.828,2.26,556612.7083386364
255,2018-11-25,3.8259237364382113,58.71,-0.15,3.8662,1.0,556612.7083386364
256,2018-12-02,3.8027609176049673,57.08,-3.6733333333333333,3.878766666666667,0.5566666666666666,556612.7083386364
257,2018-12-09,3.727468544353777,55.45,-7.196666666666667,3.8913333333333333,0.11333333333333329,556612.7083386364
258,2018-12-16,3.701053342442716,53.82,-10.72,3.9039,-0.33,556612.7083386364
259,2018-12-23,3.6719631645703417,52.2,-3.01,3.8804,-0.6,556612.7083386364
260,2018-12-30,3.667968167253244,57.06,9.31,3.7154,-4.25,556612.7083386364
261,2019-01-06,3.657179967383871,59.88,6.49,3.7328,-1.5949999999999998,589399.9722554545
262,2019-01-13,3.6507034468263972,62.7,3.67,3.7502,1.06,589399.9722554545
263,2019-01-20,3.632750839806844,61.64,-1.69,3.7695,0.51,589399.9722554545
264,2019-01-27,3.625571706240807,62.75,1.8,3.6596,-2.92,589399.9722554545
265,2019-02-03,3.611984024561586,64.20666666666666,1.6366666666666667,3.6891333333333334,-1.5199999999999998,589399.9722554545
266,2019-02-10,3.607301476705491,65.66333333333334,1.4733333333333334,3.718666666666667,-0.11999999999999966,589399.9722554545
267,2019-02-17,3.594792627936241,67.12,1.31,3.7482,1.28,589399.9722554545
268,2019-02-24,3.5953659907543605,65.07,-3.05,3.7749,0.71,589399.9722554545
269,2019-03-03,3.645231302083334,65.74,1.03,3.8666,2.43,573532.0032695455
270,2019-03-10,3.665611148949547,66.38499999999999,0.42000000000000004,3.8866,2.4400000000000004,573532.0032695455
271,2019-03-17,3.7114520555119137,67.03,-0.19,3.9066,2.45,573532.0032695455
272,2019-03-24,3.7257609722805545,68.39,2.03,3.9238,0.44,573532.0032695455
273,2019-03-31,3.742537118590752,70.34,2.85,3.873,-1.29,573532.0032695455
274,2019-04-07,3.735055120167189,70.885,1.34,3.8995,-0.07000000000000006,573532.0032695455
275,2019-04-14,3.7417546419791834,71.43,-0.17,3.926,1.15,573532.0032695455
276,2019-04-21,3.7592594631435463,71.63,0.28,3.9288,0.07,573532.0032695455
277,2019-04-28,3.843008598542442,70.03,-2.23,3.9378,0.23,573532.0032695455
278,2019-05-05,3.8494822316428534,69.64,-0.56,3.9566,0.48,573532.0032695455
279,2019-05-12,3.873996164959286,68.555,-2.94,3.98895,-0.7149999999999999,573532.0032695455
280,2019-05-19,3.866124600638978,67.47,-5.32,4.0213,-1.91,573532.0032695455
281,2019-05-26,3.8516102419691283,61.99,-8.12,3.9218,-2.47,573532.0032695455
282,2019-06-02,3.846758183903253,62.81,-3.533333333333333,3.8875333333333333,-2.3033333333333337,554453.5432027272
283,2019-06-09,3.819447084685439,63.63,1.0533333333333328,3.853266666666667,-2.1366666666666667,554453.5432027272
284,2019-06-16,3.8022242290979533,64.45,5.64,3.819,-1.97,554453.5432027272
285,2019-06-23,3.7602584211075194,64.74,0.45,3.8518,0.86,554453.5432027272
286,2019-06-30,3.745525843165918,63.84,-1.39,3.8215,-0.79,554453.5432027272
287,2019-07-07,3.7203227841446744,66.34,3.92,3.7358,-2.24,621609.7914881818
288,2019-07-14,3.713489173176742,62.28,-6.12,3.7481,0.33,621609.7914881818
289,2019-07-21,3.6920670341207353,63.37,1.75,3.7753,0.73,621609.7914881818
290,2019-07-28,3.6826702640402345,61.32,-3.23,3.8883,2.99,621609.7914881818
291,2019-08-04,3.681238878956778,60.48,-1.7866666666666666,3.9654000000000003,2.9433333333333334,621609.7914881818
292,2019-08-11,3.6839867573933525,59.64,-0.34333333333333327,4.0425,2.896666666666667,621609.7914881818
293,2019-08-18,3.691696132307531,58.8,1.1,4.1196,2.85,621609.7914881818
294,2019-08-25,3.693125195292157,59.25,0.77,4.1445,0.6,621609.7914881818
295,2019-09-01,3.688748950902224,60.92666666666667,3.3433333333333337,4.1453999999999995,0.9166666666666667,621609.7914881818
296,2019-09-08,3.686577369742624,62.60333333333333,5.916666666666668,4.1463,1.2333333333333334,621609.7914881818
297,2019-09-15,3.7031001050972145,64.28,8.49,4.1472,1.55,621609.7914881818
298,2019-09-22,3.709951422478806,61.91,-3.69,4.1599,0.31,621609.7914881818
299,2019-09-29,3.77071635243119,58.37,-5.72,4.0551,-2.52,621609.7914881818
300,2019-10-06,3.7765159352142113,58.894999999999996,-3.76,4.082800000000001,-1.245,621609.7914881818
301,2019-10-13,3.7861482854011173,59.42,-1.8,4.1105,0.03,621609.7914881818
302,2019-10-20,3.788984488053719,62.02,4.38,4.0029,-2.62,621609.7914881818
303,2019-10-27,3.7983719518576664,61.69,-0.53,3.9897,-0.33,621609.7914881818
304,2019-11-03,3.7981716218341983,62.25666666666667,-0.30666666666666664,4.058533333333333,-0.21666666666666667,670016.1668363636
305,2019-11-10,3.8074021942595677,62.82333333333333,-0.08333333333333331,4.127366666666667,-0.10333333333333333,670016.1668363636
306,2019-11-17,3.81317456163308,63.39,0.14,4.1962,0.01,670016.1668363636
307,2019-11-24,3.8183839887200377,62.43,-1.51,4.2364,0.96,670016.1668363636
308,2019-12-01,3.825685522131276,63.666666666666664,-0.5366666666666667,4.191666666666666,0.5933333333333333,670016.1668363636
309,2019-12-08,3.8587337915950632,64.90333333333334,0.43666666666666654,4.146933333333333,0.22666666666666657,670016.1668363636
310,2019-12-15,3.8777296945730786,66.14,1.41,4.1022,-0.14,670016.1668363636
311,2019-12-22,3.9032833454621065,68.16,3.05,4.0456,-1.38,670016.1668363636
312,2019-12-29,3.911695861455554,68.6,0.65,4.0669,0.53,670016.1668363636
313,2020-01-05,3.9310875862790216,65.96333333333332,-1.7033333333333336,4.105066666666667,0.5133333333333333,709810.6661936364
314,2020-01-12,3.935518381201044,63.32666666666666,-4.056666666666667,4.143233333333334,0.49666666666666665,709810.6661936364
315,2020-01-19,3.9621401317164957,60.69,-6.41,4.1814,0.48,709810.6661936364
316,2020-01-26,3.966804365991226,58.16,-4.17,4.282,2.41,709810.6661936364
317,2020-02-02,3.955931651113081,54.47,-6.34,4.3203,0.89,709810.6661936364
318,2020-02-09,3.952925993437842,56.485,-2.1399999999999997,4.3549,1.5150000000000001,709810.6661936364
319,2020-02-16,3.930832749882439,58.5,2.06,4.3895,2.14,709810.6661936364
320,2020-02-23,3.9201143751630574,50.52,-13.64,4.4733,1.91,709810.6661936364
321,2020-03-01,3.91057301438399,42.67333333333333,-15.860000000000001,4.669766666666667,2.6766666666666667,666120.3745595454
322,2020-03-08,3.907780195127041,34.82666666666667,-18.080000000000002,4.866233333333334,3.4433333333333334,666120.3745595454
323,2020-03-15,3.8875295935470353,26.98,-20.3,5.0627,4.21,666120.3745595454
324,2020-03-22,3.8691755913358157,24.93,-7.6,5.0997,0.73,666120.3745595454
325,2020-03-29,3.7758528993521887,34.11,36.82,5.3506,4.92,666120.3745595454
326,2020-04-05,3.7128798235942666,29.886666666666667,16.663333333333334,5.430633333333334,5.536666666666666,666120.3745595454
327,2020-04-12,3.5777995057314125,25.663333333333334,-3.4933333333333323,5.510666666666666,6.153333333333333,666120.3745595454
328,2020-04-19,3.5446458333333335,21.44,-23.65,5.5907,6.77,666120.3745595454
329,2020-04-26,3.453662699244967,26.44,23.32,5.4856,-1.88,666120.3745595454
330,2020-05-03,3.412115251390784,29.33666666666667,18.243333333333332,5.501666666666667,-3.083333333333333,666120.3745595454
331,2020-05-10,3.3016688741721856,32.233333333333334,13.166666666666666,5.517733333333333,-4.286666666666667,666120.3745595454
332,2020-05-17,3.2809953125822933,35.13,8.09,5.5338,-5.49,666120.3745595454
333,2020-05-24,3.247690342548392,35.33,0.57,5.3361,-3.57,666120.3745595454
334,2020-05-31,3.258893313101716,42.3,19.73,4.9585,-7.08,666120.3745595454
335,2020-06-07,3.2953244546979867,42.245,14.33,5.1345,-0.9649999999999999,653252.6895213636
336,2020-06-14,3.303817387643406,42.19,8.93,5.3105,5.15,653252.6895213636
337,2020-06-21,3.3443905477867735,41.02,-2.77,5.484,3.27,653252.6895213636
338,2020-06-28,3.3656329332844193,42.8,4.34,5.3158,-3.07,653252.6895213636
339,2020-07-05,3.4195967047958864,42.98,3.046666666666667,5.288166666666667,-2.9866666666666664,689625.2002172727
340,2020-07-12,3.440316920322292,43.160000000000004,1.7533333333333334,5.260533333333333,-2.9033333333333333,689625.2002172727
341,2020-07-19,3.481856171548117,43.34,0.46,5.2329,-2.82,689625.2002172727
342,2020-07-26,3.505751966851988,43.3,-0.09,5.224,-0.17,689625.2002172727
343,2020-08-02,3.5401124508519004,43.65,-0.3933333333333333,5.355733333333333,1.11,689625.2002172727
344,2020-08-09,3.550555223254106,44.0,-0.6966666666666667,5.487466666666667,2.39,689625.2002172727
345,2020-08-16,3.5661381723237597,44.35,-1.0,5.6192,3.67,689625.2002172727
346,2020-08-23,3.5797774077309454,45.05,1.58,5.3881,-4.11,689625.2002172727
347,2020-08-30,3.6146563804658385,42.66,-5.31,5.3012,-1.61,689625.2002172727
348,2020-09-06,3.6495353532007315,42.905,1.5149999999999997,5.3444,-0.15999999999999992,689625.2002172727
349,2020-09-13,3.6844143259356246,43.15,8.34,5.3876,1.29,689625.2002172727
350,2020-09-20,3.7192932986705176,41.92,-2.85,5.5624,3.24,689625.2002172727
351,2020-09-27,3.754172271405411,39.27,-6.32,5.6851,2.21,689625.2002172727
352,2020-10-04,3.789051244140304,40.10333333333334,-5.113333333333333,5.662566666666667,1.3233333333333333,689625.2002172727
353,2020-10-11,3.823930216875197,40.93666666666667,-3.9066666666666667,5.640033333333333,0.43666666666666654,689625.2002172727
354,2020-10-18,3.8588091896100902,41.77,-2.7,5.6175,-0.45,689625.2002172727
355,2020-10-25,3.8936881623449833,37.46,-10.32,5.7446,2.26,689625.2002172727
356,2020-11-01,3.9068960306720792,39.96,-5.180000000000001,5.622966666666667,1.0266666666666666,597195.8956777273
357,2020-11-08,3.8799191404115825,42.46,-0.040000000000000924,5.501333333333333,-0.20666666666666655,597195.8956777273
358,2020-11-15,3.8842913021950816,44.96,5.1,5.3797,-1.44,597195.8956777273
359,2020-11-22,3.9205356720536066,48.18,7.16,5.3438,-0.67,597195.8956777273
360,2020-11-29,3.9328996552573257,49.25,2.22,5.1557,-3.52,597195.8956777273
361,2020-12-06,3.9618474665543033,50.754999999999995,3.4000000000000004,5.12895,-1.4,597195.8956777273
362,2020-12-13,3.981503473684211,52.26,4.58,5.1022,0.72,597195.8956777273
363,2020-12-20,3.972375734430082,51.29,-1.86,5.2165,2.24,597195.8956777273
364,2020-12-27,3.9941826494201607,51.8,0.99,5.1937,-0.44,597195.8956777273
365,2021-01-03,4.0312046433700335,53.00333333333333,0.8466666666666667,5.284666666666666,0.8033333333333335,643634.4591368182
366,2021-01-10,4.055455250905329,54.20666666666666,0.7033333333333334,5.375633333333333,2.046666666666667,643634.4591368182
367,2021-01-17,4.044353343762221,55.41,0.56,5.4666,3.29,643634.4591368182
368,2021-01-24,4.066483088094783,55.88,0.85,5.4625,-0.07,643634.4591368182
369,2021-01-31,4.105534412166114,59.34,6.19,5.3704,-1.69,643634.4591368182
370,2021-02-07,4.18945632056265,61.125,3.4800000000000004,5.37635,-0.73,643634.4591368182
371,2021-02-14,4.220443989960026,62.91,0.77,5.3823,0.23,643634.4591368182
372,2021-02-21,4.327078668418747,66.13,5.12,5.5986,4.02,643634.4591368182
373,2021-02-28,4.556441571961481,69.36,4.88,5.6908,1.65,643634.4591368182
374,2021-03-07,4.668628468033775,66.945,-0.9500000000000002,5.5912500000000005,0.2849999999999999,637206.2269172727
375,2021-03-14,4.8340729531940845,64.53,-6.78,5.4917,-1.08,637206.2269172727
376,2021-03-21,4.910530647847118,64.57,0.06,5.7566,4.82,637206.2269172727
377,2021-03-28,4.88275550220088,64.86,0.45,5.7075,-0.85,637206.2269172727
378,2021-04-04,4.780480094413847,62.95,-2.94,5.6821,-0.45,637206.2269172727
379,2021-04-11,4.765263967235917,64.53,-1.9649999999999999,5.5786,-1.24,637206.2269172727
380,2021-04-18,4.742084944751381,66.11,-0.99,5.4751,-2.03,637206.2269172727
381,2021-04-25,4.7628355623100305,67.25,1.72,5.4366,-0.7,637206.2269172727
382,2021-05-02,4.7783591865140735,70.08500000000001,1.075,5.341,0.17500000000000004,637206.2269172727
383,2021-05-09,4.886952801283922,72.92,0.43,5.2454,1.05,637206.2269172727
384,2021-05-16,4.974886538171962,66.44,-3.3,5.3617,1.69,637206.2269172727
385,2021-05-23,5.035283960781379,69.63,4.8,5.2244,-2.56,637206.2269172727
386,2021-05-30,5.037167196397828,71.89,3.25,5.0495,-3.35,637206.2269172727
387,2021-06-06,5.057914931894115,72.69,1.11,5.1171,1.34,629467.7080840908
388,2021-06-13,5.061897130906477,73.51,1.13,5.0894,-0.54,629467.7080840908
389,2021-06-20,5.079302843090211,76.18,3.63,4.9335,-3.06,629467.7080840908
390,2021-06-27,5.082348355807902,76.17,-0.01,5.0575,2.51,629467.7080840908
391,2021-07-04,5.054051874262101,79.17,-0.35,5.2581500000000005,0.4950000000000001,682222.1274881818
392,2021-07-11,5.0857629580999815,82.17,-0.69,5.4588,-1.52,682222.1274881818
393,2021-07-18,5.117474041937862,74.1,0.69,5.2006,1.68,682222.1274881818
394,2021-07-25,5.149185125775743,76.33,3.01,5.2123,0.22,682222.1274881818
395,2021-08-01,5.180896209613623,73.46000000000001,1.4249999999999998,5.22945,0.27,682222.1274881818
396,2021-08-08,5.212607293451503,70.59,-0.16,5.2466,0.32,682222.1274881818
397,2021-08-15,5.2443183772893835,65.18,-7.66,5.377,2.49,682222.1274881818
398,2021-08-22,5.276029461127265,72.7,11.54,5.1996,-3.3,682222.1274881818
399,2021-08-29,5.307740544965145,72.61,-0.12,5.1908,-0.17,682222.1274881818
400,2021-09-05,5.339451628803025,68.71,0.63,5.2728,0.69,682222.1274881818
401,2021-09-12,5.371162712640905,73.4,2.14,5.303599999999999,0.78,682222.1274881818
402,2021-09-19,5.402873796478786,78.09,3.65,5.3344,0.87,682222.1274881818
403,2021-09-26,5.434584880316667,79.28,1.52,5.3628,0.53,682222.1274881818
404,2021-10-03,5.466295964154547,82.07,2.26,5.41195,-0.16500000000000004,682222.1274881818
405,2021-10-10,5.498007047992427,84.86,3.0,5.4611,-0.86,682222.1274881818
406,2021-10-17,5.5297181318303075,85.53,0.79,5.6474,3.41,682222.1274881818
407,2021-10-24,5.561429215668188,84.38,-1.34,5.6372,-0.18,682222.1274881818
408,2021-10-31,5.593140299506069,82.74,-1.94,5.5428,-1.67,682222.1274881818
409,2021-11-07,5.624851383343949,73.59,-2.59,5.1147,-2.72,618246.8781986363
410,2021-11-14,5.656562467181829,78.89,-3.99,5.6135,2.83,618246.8781986363
411,2021-11-21,5.6882735510197096,72.72,-7.82,5.6093,-0.07,618246.8781986363
412,2021-11-28,5.719984634857591,69.88,-3.91,5.6532,0.78,618246.8781986363
413,2021-12-05,5.751695718695471,71.69999999999999,-3.04,5.67455,1.13,618246.8781986363
414,2021-12-12,5.783406802533351,73.52,-2.17,5.6959,1.48,618246.8781986363
415,2021-12-19,5.815117886371231,76.14,3.56,5.675,-0.37,618246.8781986363
416,2021-12-26,5.846828970209112,77.78,2.15,5.5703,-1.84,618246.8781986363
417,2022-01-02,5.878540054046993,81.15,2.143333333333333,5.532933333333333,-1.6866666666666668,679359.2728218182
418,2022-01-09,5.910251137884873,84.52,2.1366666666666667,5.495566666666666,-1.5333333333333332,679359.2728218182
419,2022-01-16,5.94129889942247,87.89,2.13,5.4582,-1.38,679359.2728218182
420,2022-01-23,6.013031884360486,90.03,2.43,5.3674,-1.66,679359.2728218182
421,2022-01-30,6.008610257745379,93.27,3.6,5.3279,-0.74,679359.2728218182
422,2022-02-06,5.989241129919816,93.405,1.3250000000000002,5.2332,-1.455,679359.2728218182
423,2022-02-13,5.9607625757654255,93.54,-0.95,5.1385,-2.17,679359.2728218182
424,2022-02-20,5.928005882949589,97.93,4.69,5.1623,0.46,679359.2728218182
425,2022-02-27,5.913171797418073,118.11,20.61,5.062,-1.94,679359.2728218182
426,2022-03-06,5.9108787615592915,113.02000000000001,8.2,5.04255,-1.475,667867.324384091
427,2022-03-13,6.022865447679618,107.93,-4.21,5.0231,-1.01,667867.324384091
428,2022-03-20,6.605705060898782,120.65,11.79,4.742,-5.6,667867.324384091
429,2022-03-27,6.572822443039245,104.39,-13.48,4.6575,-1.78,667867.324384091
430,2022-04-03,6.5892080626183045,105.14333333333333,-10.493333333333334,4.7029,-0.4966666666666668,667867.324384091
431,2022-04-10,6.599946607886358,105.89666666666668,-7.506666666666667,4.7483,0.7866666666666664,667867.324384091
432,2022-04-17,6.64664704756436,106.65,-4.52,4.7937,2.07,667867.324384091
433,2022-04-24,6.719396502293578,109.34,2.52,4.9721,3.72,667867.324384091
434,2022-05-01,6.74219741873805,110.41,1.98,4.941,1.2866666666666666,667867.324384091
435,2022-05-08,6.768565227993172,111.48,1.44,4.9099,-1.146666666666667,667867.324384091
436,2022-05-15,6.812807621562986,112.55,0.9,4.8788,-3.58,667867.324384091
437,2022-05-22,6.8260729503207385,119.43,6.11,4.7295,-3.06,667867.324384091
438,2022-05-29,6.800791231923852,119.72,0.24,4.7734,0.93,667867.324384091
439,2022-06-05,6.763137156194224,117.52,0.15999999999999998,4.9295,1.2033333333333334,613232.0832372728
440,2022-06-12,6.756910580330434,115.32000000000001,0.07999999999999999,5.0855999999999995,1.4766666666666666,613232.0832372728
441,2022-06-19,6.747867117117117,113.12,0.0,5.2417,1.75,613232.0832372728
442,2022-06-26,7.016347207009858,111.63,-1.32,5.331,1.7,613232.0832372728
443,2022-07-03,6.870814500296763,108.82,-0.20666666666666678,5.386266666666667,1.68,663687.543000909
444,2022-07-10,6.5306658172720535,106.01,0.9066666666666665,5.441533333333334,1.66,663687.543000909
445,2022-07-17,6.3003221498220805,103.2,2.02,5.4968,1.64,663687.543000909
446,2022-07-24,6.18889129058515,110.01,6.6,5.1734,-5.88,663687.543000909
447,2022-07-31,6.078756901035725,94.92,-13.72,5.1646,-0.17,663687.543000909
448,2022-08-07,5.995149341806628,95.82,-7.59,5.1671499999999995,0.8649999999999999,663687.543000909
449,2022-08-14,5.88505127970331,96.72,-1.46,5.1697,1.9,663687.543000909
450,2022-08-21,5.752165477954798,100.99,4.41,5.0601,-2.12,663687.543000909
451,2022-08-28,5.6296457287589226,93.02,-7.89,5.1681,2.13,663687.543000909
452,2022-09-04,5.557290820471161,90.73,-7.156666666666666,5.198566666666666,1.46,663687.543000909
453,2022-09-11,5.460415289925494,88.44,-6.423333333333334,5.229033333333334,0.79,663687.543000909
454,2022-09-18,5.401196097511011,86.15,-5.69,5.2595,0.12,663687.543000909
455,2022-09-25,5.383333333333333,87.96,2.1,5.4154,2.96,663687.543000909
456,2022-10-02,5.0390252930289945,89.80666666666666,2.08,5.330433333333334,0.9433333333333334,663687.543000909
457,2022-10-09,5.0313412901392445,91.65333333333334,2.06,5.245466666666666,-1.0733333333333333,663687.543000909
458,2022-10-16,5.067799756130606,93.5,2.04,5.1605,-3.09,663687.543000909
459,2022-10-23,5.112323317307692,95.77,2.43,5.2949,2.6,663687.543000909
460,2022-10-30,5.185094099463588,98.57,2.92,5.0557,-4.52,663687.543000909
461,2022-11-06,5.232701416555998,93.095,-2.9000000000000004,5.2192,-1.7199999999999998,671103.0052777273
462,2022-11-13,5.2637916446324695,87.62,-8.72,5.3827,1.08,671103.0052777273
463,2022-11-20,5.287603410433902,83.63,-4.55,5.4098,0.5,671103.0052777273
464,2022-11-27,5.296431873581575,85.57,2.32,5.2189,-3.53,671103.0052777273
465,2022-12-04,5.289183433936955,85.02,3.6033333333333335,5.201,-3.2866666666666666,671103.0052777273
466,2022-12-11,5.282185814027293,84.47,4.886666666666667,5.1831,-3.043333333333333,671103.0052777273
467,2022-12-18,5.209711629372833,83.92,6.17,5.1652,-2.8,671103.0052777273
468,2022-12-25,5.177999838501292,85.91,2.37,5.286,2.34,671103.0052777273
469,2023-01-01,5.202447884733292,78.57,-8.54,5.2254,-1.15,733552.0743181818
470,2023-01-08,5.340793038214151,83.1,-2.8899999999999997,5.2164,0.52,733552.0743181818
471,2023-01-15,5.281261980830671,87.63,2.76,5.2074,2.19,733552.0743181818
472,2023-01-22,5.237396775729542,86.66,-1.11,5.1089,-1.89,733552.0743181818
473,2023-01-29,5.21705312762249,79.94,-7.75,5.1522,0.85,733552.0743181818
474,2023-02-05,5.2850310637758335,81.01333333333334,-5.1033333333333335,5.171466666666666,0.84,733552.0743181818
475,2023-02-12,5.257322809069057,82.08666666666666,-2.456666666666666,5.190733333333333,0.83,733552.0743181818
476,2023-02-19,5.185601370289629,83.16,0.19,5.21,0.82,733552.0743181818
477,2023-02-26,5.162964045782533,85.83,3.21,5.1956,-0.28,733552.0743181818
478,2023-03-05,5.258311003334343,80.83500000000001,-0.3200000000000003,5.06365,0.39,697926.223
479,2023-03-12,5.3976136434886195,75.84,-3.85,4.9317,1.06,697926.223
480,2023-03-19,5.37226051576617,74.99,2.77,5.2463,-0.6,697926.223
481,2023-03-26,5.3496283538796225,79.77,6.37,5.0631,-3.49,697926.223
482,2023-04-02,5.312018244693537,80.39999999999999,2.45,5.058266666666667,-1.3833333333333333,697926.223
483,2023-04-09,5.321084566470553,81.03,-1.4699999999999998,5.053433333333333,0.7233333333333336,697926.223
484,2023-04-16,5.314746570907165,81.66,-5.39,5.0486,2.83,697926.223
485,2023-04-23,5.3208580895795246,79.54,-2.6,4.9865,-1.23,697926.223
486,2023-04-30,5.332902069603422,75.3,-5.33,4.9518,-0.7,697926.223
487,2023-05-07,5.328475305845038,75.44,-1.7149999999999999,4.97495,0.44999999999999996,697926.223
488,2023-05-14,5.271933685946653,75.58,1.9,4.9981,1.6,697926.223
489,2023-05-21,5.209194781309271,76.95,1.81,4.9939,-0.08,697926.223
490,2023-05-28,5.016326645309953,76.13,-1.07,4.9571,-0.74,697926.223
491,2023-06-04,4.972712248507627,75.36999999999999,-1.9133333333333336,4.9002,-0.7266666666666667,729875.5646363636
492,2023-06-11,5.0501305614703575,74.61,-2.756666666666667,4.8433,-0.7133333333333333,729875.5646363636
493,2023-06-18,5.031903305493471,73.85,-3.6,4.7864,-0.7,729875.5646363636
494,2023-06-25,4.998424361493124,74.9,1.42,4.786,-0.01,729875.5646363636
495,2023-07-02,4.9902533802352425,76.95666666666666,1.4466666666666665,4.783833333333333,-0.07666666666666666,786946.5298181818
496,2023-07-09,5.164267614168457,79.01333333333334,1.4733333333333334,4.781666666666666,-0.14333333333333334,786946.5298181818
497,2023-07-16,5.136012580029203,81.07,1.5,4.7795,-0.21,786946.5298181818
498,2023-07-23,5.098584590074034,84.99,4.84,4.7336,-0.96,786946.5298181818
499,2023-07-30,5.06584180605663,86.24,1.47,4.8733,2.95,786946.5298181818
500,2023-08-06,5.051387145639472,85.52,-0.42500000000000004,4.92135,2.1350000000000002,786946.5298181818
501,2023-08-13,5.067780968686144,84.8,-2.32,4.9694,1.32,786946.5298181818
502,2023-08-20,5.2531164215016135,84.48,-0.38,4.8711,-1.98,786946.5298181818
503,2023-08-27,5.525304647725407,88.55,4.82,4.9463,1.54,786946.5298181818
504,2023-09-03,5.538110573752474,90.12333333333333,2.9800000000000004,4.942566666666667,1.4966666666666666,786946.5298181818
505,2023-09-10,5.538037123485607,91.69666666666666,1.1400000000000001,4.938833333333333,1.4533333333333334,786946.5298181818
506,2023-09-17,5.54367262800156,93.27,-0.7,4.9351,1.41,786946.5298181818
507,2023-09-24,5.55107501933488,95.31,2.19,5.032,1.96,786946.5298181818
508,2023-10-01,5.533403810153067,94.26,1.9266666666666665,5.031733333333333,0.9866666666666667,786946.5298181818
509,2023-10-08,5.523034848313973,93.21,1.663333333333333,5.031466666666667,0.01333333333333342,786946.5298181818
510,2023-10-15,5.514789438871127,92.16,1.4,5.0312,-0.96,786946.5298181818
511,2023-10-22,5.4890982639474135,90.48,-1.82,5.0152,-0.32,786946.5298181818
512,2023-10-29,5.492529154921793,84.89,-6.18,4.9012,-2.27,786946.5298181818
513,2023-11-05,5.477915477497255,83.45333333333333,-4.133333333333333,4.901466666666667,-1.54,797458.6272272727
514,2023-11-12,5.465645527554694,82.01666666666667,-2.086666666666667,4.9017333333333335,-0.81,797458.6272272727
515,2023-11-19,5.456092159410873,80.58,-0.04,4.902,-0.08,797458.6272272727
516,2023-11-26,5.444656806977626,78.88,-2.11,4.8801,-0.45,797458.6272272727
517,2023-12-03,5.434704958856647,72.97,-11.85,5.2778,1.17,797458.6272272727
518,2023-12-10,5.415757492889959,76.02,-4.279999999999999,5.06815,-0.20999999999999996,797458.6272272727
519,2023-12-17,5.384751204721425,79.07,3.29,4.8585,-1.59,797458.6272272727
520,2023-12-24,5.345644929140833,77.04,-2.57,4.8521,-0.13,797458.6272272727
521,2023-12-31,5.323133653262728,78.76,2.23,4.8743,0.46,797458.6272272727
522,2024-01-07,5.347236324834325,78.76,2.23,4.8743,0.46,788380.7815909091
523,2024-01-14,5.340724780701755,78.76,2.23,4.8743,0.46,788380.7815909091
524,2024-01-21,5.325803793618316,78.76,2.23,4.8743,0.46,788380.7815909091
525,2024-01-28,5.305001991918502,78.76,2.23,4.8743,0.46,788380.7815909091
526,2024-02-04,5.3097423710505,78.76,2.23,4.8743,0.46,788380.7815909091
527,2024-02-11,5.4322607844203885,78.76,2.23,4.8743,0.46,788380.7815909091
528,2024-02-18,5.439315237177428,78.76,2.23,4.8743,0.46,788380.7815909091
529,2024-02-25,5.437171045576408,78.76,2.23,4.8743,0.46,788380.7815909091
530,2024-03-03,5.42476098295424,78.76,2.23,4.8743,0.46,751893.5557727272
531,2024-03-10,5.422272314027489,78.76,2.23,4.8743,0.46,751893.5557727272
532,2024-03-17,5.414871340316949,78.76,2.23,4.8743,0.46,751893.5557727272
533,2024-03-24,5.4184294073030665,78.76,2.23,4.8743,0.46,751893.5557727272
534,2024-03-31,5.42269258222149,78.76,2.23,4.8743,0.46,751893.5557727272
535,2024-04-07,5.44086339573214,78.76,2.23,4.8743,0.46,751893.5557727272
536,2024-04-14,5.473791702772964,78.76,2.23,4.8743,0.46,751893.5557727272
537,2024-04-21,5.495997427376997,78.76,2.23,4.8743,0.46,751893.5557727272
538,2024-04-28,5.522870903513964,78.76,2.23,4.8743,0.46,751893.5557727272
539,2024-05-05,5.519553947510531,78.76,2.23,4.8743,0.46,751893.5557727272
540,2024-05-12,5.524243408377829,78.76,2.23,4.8743,0.46,751893.5557727272
541,2024-05-19,5.5300973263228554,78.76,2.23,4.8743,0.46,751893.5557727272
542,2024-05-26,5.5158899694055945,78.76,2.23,4.8743,0.46,751893.5557727272
543,2024-06-02,5.515689789555729,78.76,2.23,4.8743,0.46,739051.6974090908
544,2024-06-09,5.509052908349432,78.76,2.23,4.8743,0.46,739051.6974090908
545,2024-06-16,5.51240451623359,78.76,2.23,4.8743,0.46,739051.6974090908
546,2024-06-23,5.523522328419461,78.76,2.23,4.8743,0.46,739051.6974090908
547,2024-06-30,5.519579539811289,78.76,2.23,4.8743,0.46,739051.6974090908
548,2024-07-07,5.516571374717266,78.76,2.23,4.8743,0.46,723536.6099090909
549,2024-07-14,5.594225684315065,78.76,2.23,4.8743,0.46,723536.6099090909
550,2024-07-21,5.690107089178357,78.76,2.23,4.8743,0.46,723536.6099090909
551,2024-07-28,5.704113834187296,78.76,2.23,4.8743,0.46,723536.6099090909
552,2024-08-04,5.698760628064297,78.76,2.23,4.8743,0.46,723536.6099090909
553,2024-08-11,5.7103011213304775,78.76,2.23,4.8743,0.46,723536.6099090909
554,2024-08-18,5.6926356302728,78.76,2.23,4.8743,0.46,723536.6099090909
555,2024-08-25,5.692763013531635,78.76,2.23,4.8743,0.46,723536.6099090909
556,2024-09-01,5.686714628297363,78.76,2.23,4.8743,0.46,723536.6099090909
557,2024-09-08,5.683677208835341,78.76,2.23,4.8743,0.46,723536.6099090909
558,2024-09-15,5.690264120020172,78.76,2.23,4.8743,0.46,723536.6099090909
559,2024-09-22,5.676509876543211,78.76,2.23,4.8743,0.46,723536.6099090909
560,2024-09-29,5.662808715195405,78.76,2.23,4.8743,0.46,723536.6099090909
561,2024-10-06,5.674931275771585,78.76,2.23,4.8743,0.46,723536.6099090909
562,2024-10-13,5.670080075070378,78.76,2.23,4.8743,0.46,723536.6099090909
563,2024-10-20,5.674267905005298,78.76,2.23,4.8743,0.46,723536.6099090909
564,2024-10-27,5.686879004435682,78.76,2.23,4.8743,0.46,723536.6099090909
565,2024-11-03,5.68156978896705,78.76,2.23,4.8743,0.46,717582.6113181817
566,2024-11-10,5.683492644611595,78.76,2.23,4.8743,0.46,717582.6113181817
567,2024-11-17,5.686164629072521,78.76,2.23,4.8743,0.46,717582.6113181817
568,2024-11-24,5.679154212831745,78.76,2.23,4.8743,0.46,717582.6113181817
569,2024-12-01,5.700332267119264,78.76,2.23,4.8743,0.46,717582.6113181817
570,2024-12-08,5.713065963060686,78.76,2.23,4.8743,0.46,717582.6113181817
571,2024-12-15,5.732980499576077,78.76,2.23,4.8743,0.46,717582.6113181817
572,2024-12-22,5.735231405501215,78.76,2.23,4.8743,0.46,717582.6113181817
573,2024-12-29,5.747839165131984,78.76,2.23,4.8743,0.46,717582.6113181817
574,2025-01-05,5.734547563805105,78.76,2.23,4.8743,0.46,771952.4677727274
